Datetime,Water Level (m)
2025-12-05 06:00:00,0.00091562356
2025-12-05 07:00:00,0.13608389
2025-12-05 08:00:00,0.24404798
2025-12-05 09:00:00,0.21664196
2025-12-05 10:00:00,0.13110022
2025-12-05 11:00:00,0.045805056
2025-12-05 12:00:00,-0.0653094
2025-12-05 13:00:00,-0.17858514
2025-12-05 14:00:00,-0.30701193
2025-12-05 15:00:00,-0.4382382
2025-12-05 16:00:00,-0.47142735
2025-12-05 17:00:00,-0.30377612
2025-12-05 18:00:00,-0.039176054
2025-12-05 19:00:00,0.22609343
2025-12-05 20:00:00,0.4481969
2025-12-05 21:00:00,0.52315193
2025-12-05 22:00:00,0.49423346
2025-12-05 23:00:00,0.39968798
2025-12-06 00:00:00,0.30197102
2025-12-06 01:00:00,0.17784189
2025-12-06 02:00:00,0.055564616
2025-12-06 03:00:00,-0.07994692
2025-12-06 04:00:00,-0.2178283
2025-12-06 05:00:00,-0.27140114
2025-12-06 06:00:00,-0.13901165
2025-12-06 07:00:00,0.049602922
2025-12-06 08:00:00,0.16785507
2025-12-06 09:00:00,0.24820615
2025-12-06 10:00:00,0.18958616
2025-12-06 11:00:00,0.09489879
2025-12-06 12:00:00,0.020661857
2025-12-06 13:00:00,-0.08775587
2025-12-06 14:00:00,-0.19602336
2025-12-06 15:00:00,-0.322613
2025-12-06 16:00:00,-0.44060934
2025-12-06 17:00:00,-0.41660094
2025-12-06 18:00:00,-0.22185108
2025-12-06 19:00:00,0.03237552
2025-12-06 20:00:00,0.2923229
2025-12-06 21:00:00,0.47200602
2025-12-06 22:00:00,0.5314472
2025-12-06 23:00:00,0.4761451
2025-12-07 00:00:00,0.37968972
2025-12-07 01:00:00,0.27517846
2025-12-07 02:00:00,0.14875774
2025-12-07 03:00:00,0.027836375
2025-12-07 04:00:00,-0.114086695
2025-12-07 05:00:00,-0.23962808
2025-12-07 06:00:00,-0.24486583
2025-12-07 07:00:00,-0.08576757
2025-12-07 08:00:00,0.07711968
2025-12-07 09:00:00,0.18067046
2025-12-07 10:00:00,0.22414427
2025-12-07 11:00:00,0.14528851
2025-12-07 12:00:00,0.06202449
2025-12-07 13:00:00,-0.010849464
2025-12-07 14:00:00,-0.12274832
2025-12-07 15:00:00,-0.22702698
2025-12-07 16:00:00,-0.3517442
2025-12-07 17:00:00,-0.44635022
2025-12-07 18:00:00,-0.3756178
2025-12-07 19:00:00,-0.16593246
2025-12-07 20:00:00,0.077813126
2025-12-07 21:00:00,0.315726
2025-12-07 22:00:00,0.46750116
2025-12-07 23:00:00,0.49444824
2025-12-08 00:00:00,0.421378
2025-12-08 01:00:00,0.32815716
2025-12-08 02:00:00,0.2189241
2025-12-08 03:00:00,0.0926775
2025-12-08 04:00:00,-0.023268282
2025-12-08 05:00:00,-0.15970558
2025-12-08 06:00:00,-0.26909047
2025-12-08 07:00:00,-0.22924086
2025-12-08 08:00:00,-0.06380501
2025-12-08 09:00:00,0.07127841
2025-12-08 10:00:00,0.16977458
2025-12-08 11:00:00,0.19348766
2025-12-08 12:00:00,0.11854903
2025-12-08 13:00:00,0.048935115
2025-12-08 14:00:00,-0.030885011
2025-12-08 15:00:00,-0.13659981
2025-12-08 16:00:00,-0.23911197
2025-12-08 17:00:00,-0.35535762
2025-12-08 18:00:00,-0.40942413
2025-12-08 19:00:00,-0.29170963
2025-12-08 20:00:00,-0.063936226
2025-12-08 21:00:00,0.14407448
2025-12-08 22:00:00,0.35671645
2025-12-08 23:00:00,0.45815346
2025-12-09 00:00:00,0.4467708
2025-12-09 01:00:00,0.36514542
2025-12-09 02:00:00,0.26769227
2025-12-09 03:00:00,0.15658973
2025-12-09 04:00:00,0.04548236
2025-12-09 05:00:00,-0.080924794
2025-12-09 06:00:00,-0.20957604
2025-12-09 07:00:00,-0.28403392
2025-12-09 08:00:00,-0.2054556
2025-12-09 09:00:00,-0.048839256
2025-12-09 10:00:00,0.068144016
2025-12-09 11:00:00,0.16171628
2025-12-09 12:00:00,0.16591078
2025-12-09 13:00:00,0.095721126
2025-12-09 14:00:00,0.031538
2025-12-09 15:00:00,-0.051539082
2025-12-09 16:00:00,-0.14717749
2025-12-09 17:00:00,-0.24699205
2025-12-09 18:00:00,-0.34652382
2025-12-09 19:00:00,-0.3504866
2025-12-09 20:00:00,-0.20528369
2025-12-09 21:00:00,-0.00064523297
2025-12-09 22:00:00,0.18708518
2025-12-09 23:00:00,0.35006723
2025-12-10 00:00:00,0.40486866
2025-12-10 01:00:00,0.36120293
2025-12-10 02:00:00,0.27348498
2025-12-10 03:00:00,0.17435016
2025-12-10 04:00:00,0.063200034
2025-12-10 05:00:00,-0.04158524
2025-12-10 06:00:00,-0.16333373
2025-12-10 07:00:00,-0.27876964
2025-12-10 08:00:00,-0.31944948
2025-12-10 09:00:00,-0.21998525
2025-12-10 10:00:00,-0.07985409
2025-12-10 11:00:00,0.035186082
2025-12-10 12:00:00,0.11924291
2025-12-10 13:00:00,0.120670296
2025-12-10 14:00:00,0.062597804
2025-12-10 15:00:00,0.004457056
2025-12-10 16:00:00,-0.07124158
2025-12-10 17:00:00,-0.15437786
2025-12-10 18:00:00,-0.2482573
2025-12-10 19:00:00,-0.3257806
2025-12-10 20:00:00,-0.28978786
2025-12-10 21:00:00,-0.14610615
2025-12-10 22:00:00,0.024941955
2025-12-10 23:00:00,0.18611066
2025-12-11 00:00:00,0.29373476
2025-12-11 01:00:00,0.3122782
2025-12-11 02:00:00,0.24918814
2025-12-11 03:00:00,0.15901393
2025-12-11 04:00:00,0.06156544
2025-12-11 05:00:00,-0.027412618
2025-12-11 06:00:00,-0.14271958
